Question,OptionA,OptionB,OptionC,OptionD,Answer
p5.js 中的 "setup" 函數何時運行？,每一幀都運行,僅在程式開始時運行一次,當滑鼠點擊時,當按下按鍵時,僅在程式開始時運行一次
哪個函數用於繪製一個圓形？,rect(),line(),circle(),triangle(),circle()
如何設置畫布的背景顏色為黑色？,background(255),background(0),color(0,0,0),fill(0),background(0)
"mouseX" 變數儲存了什麼？,滑鼠的 X 坐標,滑鼠的 Y 坐標,上一次滑鼠的 X 坐標,畫布的寬度,滑鼠的 X 坐標
"frameCount" 變數計算了什麼？,畫布中的物件數量,程式開始後的總幀數,滑鼠點擊次數,鍵盤按下次數,程式開始後的總幀數
